ID,gender,age,ethnicity,highest.qual,income,plate.size,kcal.consumed,g.consumed,g.served, meal.duration ,n.bites
1,1,20,2,5,13,0,1573.01,1046.37,1047.13,10.62,31
2,2,26,3,5,2,0,540.72,417.22,423.27,,
3,2,19,1,4,13,1,439.61,292.43,293.13,10.18,46
4,2,36,1,6,9,1,511.92,340.53,374.2,16.78,33
5,2,30,2,3,7,1,944.3,628.15,630.31,18.92,45
6,1,24,1,5,,0,980.05,651.93,656.33,8.22,38
7,1,24,1,5,6,1,900.81,599.22,624.66,6.05,26
8,2,39,5,6,11,0,601.88,400.37,401.12,7.8,50
9,3,43,5,6,3,0,249.46,165.94,166.97,5.78,19
10,2,37,1,4,12,1,259.67,172.73,173.27,4.53,25
11,2,50,1,6,11,0,947.86,630.52,631.35,9.67,33
12,2,27,1,5,14,1,703,467.64,478.8,16.92,53
13,2,26,1,6,6,0,395.61,263.16,265.14,9.95,25
14,2,57,1,5,13,1,480.48,319.62,320.02,6.27,28
15,1,20,1,4,,1,991.31,659.42,659.73,14.43,47
16,1,48,1,6,12,0,839.01,558.11,558.67,20.85,39
17,2,19,1,4,13,0,643.37,427.97,428.44,15,82
18,2,42,1,6,7,1,547.23,364.02,364.4,9.27,32
19,1,18,1,4,,1,613.98,408.42,408.77,8.93,62
20,1,34,3,6,12,1,333.67,221.96,232.52,9.47,59
21,1,60,1,2,14,0,622.55,414.12,415.14,8.55,38
22,1,34,1,5,10,0,1549.56,1030.77,1031.87,12.07,55
23,2,22,1,4,13,0,720.89,556.24,564.55,25.58,99
24,2,32,1,6,13,0,274.17,182.38,182.89,7.95,25
25,2,49,1,3,9,1,333.3,221.71,325.92,7.98,25
26,1,29,,,9,1,918.91,611.26,617.96,24.5,45
27,2,57,1,5,15,0,606.22,403.26,403.43,15.18,73
28,2,33,1,3,11,0,360.51,239.81,240.13,6.57,23
29,2,25,1,4,13,1,634.06,421.78,422.06,8.9,51
30,1,57,1,5,10,1,631.22,419.89,484.03,9.6,31
31,2,32,1,6,11,1,686.69,456.79,531.86,15.12,56
32,2,25,1,5,12,0,687.61,457.4,457.96,15.93,71
33,2,27,1,6,12,0,413.15,274.83,275.19,5.12,24
34,2,42,1,5,7,0,276.7,184.06,184.1,4.92,40
35,2,57,1,5,10,0,149.83,99.67,144.15,4.37,9
36,1,60,1,6,12,1,626.43,416.7,421.76,9.3,27
37,2,43,1,6,14,1,669.89,445.61,445.9,11.75,61
38,2,30,1,6,13,1,644.84,428.95,498.67,8.38,46
39,1,35,1,5,13,1,1250.08,831.56,831.56,13.43,67
40,2,28,4,6,11,1,499.67,332.38,378.7,12.52,28
41,2,25,1,5,5,0,760.76,506.06,515.15,9.7,45
42,1,18,2,4,1,0,910.32,605.55,605.74,10.18,88
43,1,38,1,6,11,1,451.88,300.59,300.8,2.88,13
44,2,28,1,5,4,1,350.51,233.16,233.33,4.28,21
45,2,24,1,4,13,0,546.3,363.4,364.41,,
46,2,33,1,6,13,1,549.38,365.45,366.16,7.08,31
47,2,25,1,5,14,0,628.98,418.4,419.15,15.37,24
48,2,43,1,6,11,0,605.05,402.48,402.48,7.12,25
49,2,33,4,2,8,0,702.7,467.44,469.43,11.6,39
50,1,20,1,4,10,0,685.82,456.21,456.79,15.88,36
51,2,33,1,2,9,1,461.56,307.03,311.36,6.5,27
52,2,23,1,5,3,1,493.83,328.5,331.06,10.17,67
53,2,61,1,4,12,0,217.84,144.91,144.99,2.92,17
54,1,29,5,6,8,1,1465.93,975.14,976.37,8.05,83
55,2,28,1,4,9,1,694.61,462.06,463.2,,
56,2,34,1,5,9,0,515.8,343.11,344.79,12.12,38
57,2,43,1,5,13,1,389.26,258.94,259.06,3.28,19
58,2,48,1,6,15,0,242.68,161.43,195.88,1.78,9
59,2,39,1,6,13,0,403.15,268.18,270.1,3.12,15
60,1,25,3,6,11,0,844.51,561.77,567.26,6.8,51
61,2,21,1,5,8,1,717.74,477.44,477.81,11.25,69
62,2,46,1,6,9,1,519.04,345.27,346.09,3.12,25
63,2,22,2,5,1,1,205.98,137.02,283.29,3.05,14
64,1,23,1,5,,1,699.61,465.38,466.77,5.83,50
65,1,52,1,4,12,0,367.05,244.16,244.91,2.8,15
66,1,21,1,3,12,0,900.61,599.09,603.96,8.4,82
67,1,61,1,1,9,0,536.81,357.09,357.5,3.78,19
68,2,49,1,2,1,0,303.31,201.76,201.85,4.85,30
69,1,43,2,5,4,1,1167.61,776.7,777.15,17.23,48
70,1,51,1,5,11,1,703.21,467.78,469.42,5.42,35
71,2,38,1,4,7,0,832.54,553.81,554.32,10.97,81
72,1,38,1,4,13,0,633.02,421.09,421.09,6.45,40
73,2,51,1,3,9,0,528.5,351.56,351.75,8.67,58
74,1,37,1,6,12,1,994.93,661.83,662.85,8.2,48
75,2,27,1,6,12,1,591.01,393.14,393.89,,
76,1,54,1,2,11,1,766.85,510.11,511.21,6.28,27
77,2,36,1,3,7,1,791.94,526.8,527.1,8.23,48
78,1,37,1,3,,0,594.21,395.27,396.49,,
79,1,47,1,2,12,0,854.27,568.26,568.57,7.9,56
80,1,31,1,5,11,1,566.94,377.13,382.95,7.67,26
81,2,44,1,3,12,0,641.76,426.9,427.93,8.28,49
82,2,36,1,4,13,1,378.68,251.9,309.25,10.68,21
83,1,60,1,2,6,1,823.76,547.97,548.07,8.75,27
84,1,34,1,3,7,0,579.73,385.64,405.49,8.43,24
85,1,32,1,3,13,0,514.11,341.99,345.85,10.98,60
86,1,32,2,6,9,1,487.61,324.36,325.81,7.35,25
87,1,29,1,5,1,0,522.56,347.61,348.05,5.13,34
88,1,43,1,3,,1,599.95,399.09,400.69,7.93,31
89,1,35,1,3,12,1,1090.48,725.39,728.92,14.15,83
90,1,29,1,2,13,0,685.75,456.16,463.03,10.87,40
91,2,29,1,5,2,0,235.09,156.38,181.33,,
92,2,28,1,5,12,1,666.79,443.55,444.68,5.38,41
93,2,39,1,2,11,1,571.33,380.05,382.7,5.85,32
94,1,23,1,6,10,0,886.32,589.58,592.81,6.58,43
95,1,19,1,4,12,0,1007.3,670.06,671.9,9.45,59
96,2,45,1,3,5,1,570.64,379.59,380.89,6.45,32
97,1,39,1,2,12,1,601.64,400.21,401.4,8.93,29
98,2,53,1,6,14,0,496.89,330.53,334.7,9.63,43
99,1,45,1,2,11,0,634.83,422.29,424.6,6.75,26
100,2,25,1,5,9,0,924.21,614.79,615.34,10.3,49
101,2,44,1,6,,0,763.21,507.69,519.61,6.72,28
102,2,51,1,2,13,1,715.2,551.85,553.41,9.88,53
103,2,51,1,6,10,1,1205.41,801.84,804.8,14.15,44
104,2,55,1,1,7,1,413.44,275.02,275.83,6.63,23
105,1,60,1,1,10,0,429.79,285.9,286.41,7.35,21
106,2,28,1,5,13,0,378.46,251.75,252,3.7,43
107,1,38,1,6,11,0,542.33,360.76,394.8,7.5,32
108,1,23,1,6,7,1,891.46,593,695.1,10.42,33
109,2,31,1,3,3,1,393.11,261.5,261.81,3.92,25
110,2,53,1,2,7,0,394.33,262.31,262.67,3.68,21
111,1,32,1,3,3,1,621.51,413.43,441.21,3.72,24
112,2,35,1,2,10,1,245.83,163.53,164.64,6.57,17
113,1,48,1,1,5,1,463.33,308.21,309.18,4.1,16
114,1,40,3,6,12,1,185.25,123.23,124.26,3.75,21
115,1,19,1,4,11,0,693.02,461,461.62,7.52,41
116,1,29,1,6,4,0,445.71,296.49,298.39,4.47,32
117,2,43,1,3,11,1,269.42,179.22,179.61,3.92,22
118,1,24,1,3,9,0,591.97,393.78,394.44,3.47,25
119,1,43,1,3,9,1,677.67,450.79,460.71,5.77,41
120,1,23,1,4,,0,1569.26,1043.88,1044.15,13.6,115
121,1,36,1,3,13,1,791.07,526.22,546,11.28,61
122,1,49,1,3,12,0,270.5,179.94,180.41,2.05,19
123,1,38,1,4,11,1,910.73,605.82,607.46,,
124,1,19,1,4,8,1,931.34,619.53,625.16,9.1,66
125,1,30,1,5,9,0,378.44,251.74,252.18,7.17,54
126,1,41,2,3,14,0,881.7,586.51,586.76,14.93,108
127,1,24,1,6,7,0,715.95,476.25,477.04,18.8,32
128,1,22,1,5,5,1,-999,,,7.07,41
129,2,48,5,6,13,1,226.29,150.53,161.25,6.17,15
130,1,23,1,6,7,1,865.28,575.59,576.75,5.92,39
131,1,61,1,6,5,0,515.5,342.91,346.2,4.07,21
132,1,30,,,8,0,452.37,300.92,355.55,4.33,20
133,2,18,2,1,3,0,671.82,446.9,455.66,4.3,38
134,1,33,1,1,1,1,711.69,473.42,476.3,6.67,43
